grade,area,name,lat,lon,scene,id
MARGINAL,Bronx,3 Ave @ E 163 St,40.824129,-73.9087,wide_arterial,96636993-475f-46bb-95b6-d5b937065648
MARGINAL,Bronx,Boston Rd. @ E 169 St,40.831378,-73.900286,commercial_street,d4338b6b-ddf6-41e9-9a64-1f0dd0b8ebdf
MARGINAL,Bronx,C1-MDE-11-NB_at_W.179th_St-Ex8,40.855126,-73.918007,wide_arterial,b9ba6a87-0e0b-4c5a-ad6a-7ead399e0864
MARGINAL,Bronx,East Gun Hill RD @ Allerton Ave,40.865204,-73.836137,commercial_street,c914c9ae-00b2-4b77-abb9-0a85f903e34e
MARGINAL,Bronx,Fordham Rd @  Grand Concourse,40.862444,-73.897131,commercial_street,f6ca5824-45da-48a9-8268-2725eed58b79
MARGINAL,Bronx,Fordham Rd @ Hughes Ave,40.858209,-73.884347,commercial_street,2a0ec6ff-9284-466a-9785-9f6df84ea4cf
MARGINAL,Bronx,Grand Concourse @ 161 St,40.826849,-73.922609,commercial_street,a95f7916-24ee-4d7e-bc71-6f9f1e009f23
MARGINAL,Bronx,Grand Concourse @ Bedford Park Blvd,40.872207,-73.887658,wide_arterial,2f28f8df-5eb5-4327-ab1f-7feaf2630b34
MARGINAL,Bronx,Grand Concourse @ E 149 St,40.81857,-73.927322,commercial_street,62380b5a-8960-4c2b-9125-d7f088605a7f
MARGINAL,Bronx,Soundview Ave @ Lafayette Ave,40.820962,-73.865847,wide_arterial,894dd92a-90a3-46d5-a996-4ddb2b6091cc
MARGINAL,Bronx,Webster Ave @ E 165,40.827872,-73.912005,wide_arterial,e5cd3feb-ca2f-4108-b6ae-678b5ec32dab
MARGINAL,Bronx,Webster Ave @ E 180 St,40.851889,-73.898344,commercial_street,e08c24be-e2fe-4d83-bc08-bf88cdebdd63
GOOD,Brooklyn,7 Ave @ 9 St,40.666941,-73.981419,commercial_street,089d8066-4e5e-4549-9496-a5f4ffb56ef5
GOOD,Brooklyn,Coney Island Ave @ Kings Hwy,40.607272,-73.961707,commercial_street,899dfa1e-a2c5-490a-b8ba-480493634846
GOOD,Brooklyn,Flatbush Ave and 4 Ave,40.6838924508798,-73.9779424667358,commercial_street,9955d671-39ad-4fb7-b63e-4e78cf6ac157
GOOD,Brooklyn,Flatbush Ave@ 6 Ave,40.6793036647623,-73.974552154541,commercial_street,90f5542f-c3cf-4df2-a9b0-27a85606d659
GOOD,Brooklyn,Flushing Ave @ Navy St,40.698327,-73.980586,commercial_street,7b0f1486-6c0c-4bd4-ac8b-800c4bf2176e
GOOD,Brooklyn,Grand St (Borinquen Pl) @ Union Ave,40.71096,-73.951087,commercial_street,8188de4c-c144-4897-bee4-767022b832e9
MARGINAL,Brooklyn,3 Ave @ Atlantic Ave,40.685487,-73.98067,commercial_street,f801cf2f-cd02-4077-aa53-99ee8a00e1ab
MARGINAL,Brooklyn,3 Ave @ Prospect Ave,40.666772,-73.994834,commercial_street,db8c2d21-00cd-4508-945d-38fcd92367d2
MARGINAL,Brooklyn,3 Ave @ Union St,40.678345,-73.985427,wide_arterial,ed0f8bd4-fe44-4f86-98a9-91f45b446200
MARGINAL,Brooklyn,4 Ave @ 38 st - 179.90,40.653191,-74.005389,commercial_street,5cc1f365-af4a-48be-8819-8f12e18725a3
MARGINAL,Brooklyn,4 Ave @ Shore Rd,40.61136,-74.034782,wide_arterial,f3ded76a-f110-4d7a-8eb4-230265affe83
MARGINAL,Brooklyn,7 Ave @ Union St,40.674443,-73.975468,commercial_street,2064d8ab-597a-45d8-a3c9-5ab95a4e69e6
MARGINAL,Brooklyn,8 Ave @ 18 St,40.659056,-73.985216,wide_arterial,cbb04872-5f62-4989-acaa-e4166fa7c819
MARGINAL,Brooklyn,8 Ave @ 9 St,40.665895,-73.979249,commercial_street,6851bbf7-e079-4379-b021-e5c7dafcb8c9
MARGINAL,Brooklyn,Adams St @ Tillary St,40.696346,-73.988845,commercial_street,5bd248b9-1dab-4118-b4b2-d3ef3fbd7085
MARGINAL,Brooklyn,Atlantic Ave @ 111 St,40.692157,-73.834927,commercial_street,0039e6bf-5244-4b4e-b7dc-d02056bbfdc9
MARGINAL,Brooklyn,Atlantic Ave @ Barclays Center,40.683572,-73.976083,wide_arterial,053afe02-e1b3-4bea-9995-787e72c7fff4
MARGINAL,Brooklyn,Atlantic Ave @ Bedford Ave,40.678742,-73.953032,wide_arterial,2fe54994-17f6-499d-a3ab-8c6dc9dbda9e
MARGINAL,Brooklyn,Atlantic Ave @ Boerum Pl,40.689102,-73.990748,commercial_street,e64ec820-69c4-4cc9-b573-4d7d66c4a7eb
MARGINAL,Brooklyn,Atlantic Ave @ Clinton ST,40.690208,-73.99431,commercial_street,418ae598-7cdd-48ff-8aea-97fc3d312407
MARGINAL,Brooklyn,Atlantic Ave @ Henry St,40.690718,-73.996235,commercial_street,821d0c4e-f43f-4968-ad2d-566e40e53df6
MARGINAL,Brooklyn,Atlantic Ave @ Hicks Ave - quad - 165.203,40.691006,-73.99784,wide_arterial,8820f260-11c9-49dd-8839-0ff47707b6f2
MARGINAL,Brooklyn,Atlantic Ave @ Hicks Ave - quad - ptz - 165.202,40.691006,-73.99784,commercial_street,311fa910-d8d6-4dde-acd4-ebaf275eba77
MARGINAL,Brooklyn,Atlantic Ave @ Highland Pl (Berriman St),40.679247,-73.880712,commercial_street,e016c2e4-a602-4c4d-ab9e-fadfa7f4e703
MARGINAL,Brooklyn,Atlantic Ave @ Pennsylvania Ave,40.675787,-73.896898,commercial_street,0bbea8bd-10f1-4126-b3c5-9e9432eab749
MARGINAL,Brooklyn,Bay Parkway @ Benson Ave,40.6003,-73.9955,residential_street,374c2047-3868-47e0-9767-a1a701d3fc67
MARGINAL,Brooklyn,Boerum Pl @ Fulton St & Joralemon St,40.692174,-73.98913,commercial_street,c1b36d36-ce3d-43e3-af83-0cb29bd67e10
MARGINAL,Brooklyn,Bushwick Ave @ Cooper St,40.684818,-73.910158,commercial_street,a8805cdb-e305-42d0-b011-cb825380cf8e
MARGINAL,Brooklyn,Bushwick Ave @ De Kalb Ave,40.695092,-73.928357,commercial_street,068461e2-c62f-4ce4-adac-5f9efe92af1d
MARGINAL,Brooklyn,Cadman Plz E/Washington St @ Prospect St,40.700743,-73.989736,commercial_street,08c57946-9560-49b9-97a5-43dc5b74fd86
MARGINAL,Brooklyn,Cadman Plz W @ Prospect St - quad - 1.3,40.700756,-73.990942,commercial_street,96ea2271-4739-40bb-9aea-6429c63dfb34
MARGINAL,Brooklyn,Cadman Plz West @ Tillary St,40.696267,-73.991073,wide_arterial,07c5a9ab-38b0-4176-a932-395cded5858e
MARGINAL,Brooklyn,Columbia St @ Degraw St,40.685735,-74.002365,commercial_street,d3ab8634-97be-4229-9aa3-c3637ff66ea9
MARGINAL,Brooklyn,Flatbush Ave @ Concord St,40.697565,-73.985248,wide_arterial,5361a6ea-95fe-44e1-99f8-dc7d6964a427
MARGINAL,Brooklyn,Flatbush Ave @ DeKalb Ave,40.689993,-73.98163,commercial_street,243e945a-b872-4bac-9898-94ce8963ef44
MARGINAL,Brooklyn,Flatbush Ave @ Empire Blvd,40.663093,-73.96236,commercial_street,2e43a9d0-1df8-4a38-ae20-2e0f359bb55d
MARGINAL,Brooklyn,Flatbush Ave @ Fulton St,40.6880253424274,-73.9803886413574,commercial_street,cda76289-afd2-498e-a0e9-420a1854c38a
MARGINAL,Brooklyn,Flatbush Ave @ Marine Park,40.601134,-73.913036,wide_arterial,b6558fc0-d62b-4b25-b7aa-6b592bde2c44
MARGINAL,Brooklyn,Flatbush Ave @ Nostrand Ave,40.632889,-73.947672,commercial_street,5a9ebe48-fb36-4de7-8666-f50de83c7941
MARGINAL,Brooklyn,Flatbush Ave @ Utica Ave,40.613168,-73.926315,commercial_street,e49e8537-9891-44ba-ac1f-41db307934cf
MARGINAL,Brooklyn,Flatbush Ave @ Willoughby,40.691214327643,-73.9822340011596,wide_arterial,f3d14ce1-8df5-4c5c-88b8-f17f56077e04
MARGINAL,Brooklyn,Flatbush Ave and Atlantic Ave,40.6832090346707,-73.9769983291626,commercial_street,fa287d30-44a9-48ef-90d6-5ab0a54eab15
MARGINAL,Brooklyn,Flushing Ave @ Vanderbilt Ave,40.697838,-73.970763,commercial_street,9961488a-3ce7-4a4e-ba05-bb960fd32e4e
MARGINAL,Brooklyn,Furman St @ Atlantic Ave,40.691928,-73.999892,wide_arterial,95f77270-6143-4522-b55e-a3ef8cc48e18
MARGINAL,Brooklyn,Gatling Pl @ 86 St - 186.2,40.619944,-74.023763,commercial_street,a4fa36ac-f546-4ec1-b579-135f0ab204de
MARGINAL,Brooklyn,Grand Army Plaza,40.672744,-73.968781,wide_arterial,1c51b3ec-3d29-4025-928d-4e182e7c0bd5
MARGINAL,Brooklyn,Grand St @ Bushwick Ave,40.712024,-73.940835,wide_arterial,6ac8b6d3-62c8-4077-a0a6-f66d922376eb
MARGINAL,Brooklyn,Grand St @ Graham Ave,40.711646,-73.943913,commercial_street,7609996b-ec61-4c06-bb58-c9aa93c65b80
MARGINAL,Brooklyn,McGuinness Blvd @ Bayard St,40.720839,-73.944951,wide_arterial,699cc803-c1db-4307-becf-9604a45c7c5c
MARGINAL,Brooklyn,McGuinness Blvd @ Green St,40.734007,-73.952283,commercial_street,195870e2-8714-45c6-86ba-8ae079ef738c
MARGINAL,Brooklyn,McGuinness Blvd @ Greenpoint Ave,40.730514,-73.951543,commercial_street,4b601090-d552-4c2c-804f-1360305f3dd5
MARGINAL,Brooklyn,Metropolitan Ave @ Berry St,40.715924,-73.961926,residential_street,40213626-3ef8-4d63-be77-e1d84ca4d19c
MARGINAL,Brooklyn,Metropolitan Ave @ Grand St,40.714251,-73.931525,wide_arterial,6d1bd95a-307b-4067-a31c-f28d48c578b1
MARGINAL,Brooklyn,Metropolitan Ave @ Union Ave,40.714059,-73.951635,wide_arterial,ba4a1b3a-6e33-4742-a471-18f204f488ef
MARGINAL,Brooklyn,Old Fulton St @ Furman St,40.702956,-73.994687,commercial_street,9010e3c3-c888-43d4-9c26-59e9b802dbcb
MARGINAL,Brooklyn,Old Fulton St @ Prospect St,40.700757,-73.991042,commercial_street,7a0d9e49-875c-4c25-a92b-3d239de40d43
MARGINAL,Brooklyn,Old Fulton St @ Vine St/Hicks St - quad - 156.24,40.701936,-73.992574,commercial_street,f134b133-75ef-40a8-8fbb-f9c51355e6b5
MARGINAL,Brooklyn,Pennsylvania Ave @ Flatlands Ave,40.652728,-73.886256,commercial_street,69278f3b-9d11-4256-8ef7-70c02a01bfc2
MARGINAL,Brooklyn,Roebling St @ South 4 St,40.710749,-73.959917,commercial_street,dc0cb00c-0b2e-4851-9f8a-67954e4adbdb
MARGINAL,Brooklyn,Sands St @ Adams St,40.700378,-73.988693,commercial_street,d324cf02-ff01-4b1d-a480-39143ced22cc
MARGINAL,Brooklyn,Sands St @ Jay St - quad - ptz - 149.26,40.699972,-73.986858,commercial_street,e184e99b-6bbd-4dd7-a36b-ad17ca50ad36
MARGINAL,Brooklyn,Smith St @ 9 St - 170.106,40.674746,-73.997865,commercial_street,d766db98-8b2c-406a-b0ea-f437e2216157
MARGINAL,Brooklyn,Tillary St @ Gold St,40.6962,-73.9829,wide_arterial,b43f6602-fb0f-4eb4-a019-ac7101aab067
MARGINAL,Brooklyn,Tillary St @ Jay St,40.696073,-73.987095,wide_arterial,d7ee32d6-895f-4e37-bdd9-f97b06b24f3d
MARGINAL,Brooklyn,Tillary St EB @ Jay St,40.696002,-73.987094,wide_arterial,ae67eb8d-0aed-4204-b7a1-3621ed9eef65
MARGINAL,Brooklyn,WBB-1 @ Bklyn Plaza,40.710341,-73.961088,wide_arterial,a454105b-8f59-4d96-a656-9a2d29f1353d
MARGINAL,Brooklyn,WBB-8 NIR Bklyn Anch./Kent Av,40.712379,-73.967807,commercial_street,d4add2b5-0a3c-43dd-ad8f-edc72b9ab2e5
MARGINAL,Brooklyn,Washington St @ Prospect St,40.700743,-73.989736,commercial_street,4334f995-5cae-4725-b7d2-ccaf72447237
MARGINAL,Brooklyn,Wythe Ave @ North 12 St,40.72231,-73.957447,commercial_street,6a5f91d8-042f-4678-a722-2c3c560dedf2
MARGINAL,Brooklyn,Wythe Ave @ Williamsburg st E,40.701095,-73.96085,commercial_street,45b87983-6659-4be7-a354-15d756664204
GOOD,Manhattan,1 Ave @ 23 St,40.7368873405677,-73.9785319648825,commercial_street,eafc65f5-6ff9-4203-905f-3995b9fbc9eb
GOOD,Manhattan,1 Ave @ 57 st,40.75823,-73.96289,commercial_street,79f45918-c13e-4357-9ccb-9e3e7ea5b6af
GOOD,Manhattan,1 Ave @ E. Houston St,40.723043,-73.988592,commercial_street,b5cf34ce-697e-42a1-b22f-8eb2c1f3e79e
GOOD,Manhattan,10 Ave @ 23 St,40.747694,-74.004174,commercial_street,f388803c-7e1b-4d67-ad61-87b25934a8a2
GOOD,Manhattan,10 Ave @ 42 St,40.759663,-73.995317,commercial_street,b55781b8-827c-40e3-b094-27c289d22f7a
GOOD,Manhattan,10 Ave @ 49 St,40.764212,-73.992385,commercial_street,957fc40e-675c-4121-a3bc-ca3c0a246831
GOOD,Manhattan,2 AVE @ 86 St,40.77787,-73.9518,commercial_street,ac9ea7e9-4ab8-4188-be33-40266bcf9378
GOOD,Manhattan,2 Ave @ 23 St,40.737876,-73.980926,commercial_street,786650de-d254-47dc-aa8a-de9a4c231a2a
GOOD,Manhattan,2 Ave @ 42 St,40.7498342023994,-73.9722170340956,commercial_street,8f692f55-8118-423b-8bcb-1ea49eaf442b
GOOD,Manhattan,2 Ave @ 49 St,40.75426,-73.968991,commercial_street,05468f62-4092-4ff5-9bb6-0f70e56ff544
GOOD,Manhattan,2 Ave @ E 14 St,40.732373,-73.984954,commercial_street,02d7db8e-481d-477e-9cdb-a2b6c6ec1ca3
GOOD,Manhattan,3 AVE @ 76 St,40.77234,-73.9587,commercial_street,3df06012-4c10-46e1-81d0-55405342e8df
GOOD,Manhattan,3 Ave @ 14 St,40.733275,-73.987279,commercial_street,63bf5db0-582d-4482-ad51-52338c7f9906
GOOD,Manhattan,3 Ave @ 42 St,40.7507631595424,-73.9744615986273,commercial_street,5352e130-4668-4be5-a7b9-9e1ce4ea6d4c
GOOD,Manhattan,3 Ave @ 49 St,40.7552116061846,-73.9712421172846,commercial_street,5bb6d7d8-39ce-43b8-b539-376fbcf73927
GOOD,Manhattan,3 Ave @ 57 St,40.760252895987,-73.967542473241,commercial_street,62b3062d-542f-40f1-86ec-206710e789b6
GOOD,Manhattan,3 Ave @ E 88 St,40.780144,-73.953037,commercial_street,4bd443cf-374f-493b-a99e-5f7ef81bb62c
GOOD,Manhattan,5 Ave @ 35 St ,40.749128,-73.984083,commercial_street,aacb43bf-ed37-44c6-a2fe-8449a7851306
GOOD,Manhattan,5 Ave @ 42 St,40.7534920464028,-73.9808970054167,commercial_street,f4e822f7-d2a2-4146-851c-04b2fa6d5265
GOOD,Manhattan,5 Ave @ 49 St,40.7579183170509,-73.9776717716469,commercial_street,7a7016c5-a086-40fd-9298-90f17f8b6cea
GOOD,Manhattan,5 Ave @ 57 St,40.7629820055328,-73.9739858644822,commercial_street,9c4c2657-6796-4953-bbe6-c50f24bb5820
GOOD,Manhattan,5 Ave @ E 58 St,40.763753,-73.973548,commercial_street,6d3a21dd-0434-4d92-a0d1-3ca8b77297db
GOOD,Manhattan,6 AVE @ 50 St,40.75994,-73.9805,commercial_street,4f3f56e3-f68e-4b60-a4ba-153ecb9094f7
GOOD,Manhattan,6 Ave @ 34 St,40.749808,-73.987746,commercial_street,f06979b2-3497-4330-9882-a06c8a442b7c
GOOD,Manhattan,6 Ave @ 42 St,40.7548488195947,-73.9841249380499,commercial_street,c34ca47e-e375-4b9f-a8d7-f9737566b783
GOOD,Manhattan,6 Ave @ 57 St,40.7643348872061,-73.9772018595711,commercial_street,e229e0fd-559b-4c1e-bcba-ac23db1d01e3
GOOD,Manhattan,7 AVE @ 42 St,40.75609,-73.9869,commercial_street,bca4a4b0-d73f-4937-9301-85ff8293bd94
GOOD,Manhattan,7 Ave @ 23St,40.7441114245984,-73.9956503622239,commercial_street,fcfbaa3d-13e5-4687-9688-ae1eab37c723
GOOD,Manhattan,7 Ave @ 34 St,40.7510195668227,-73.9906285955498,commercial_street,ee1b1d85-e8ce-485f-a539-12962933eb9f
GOOD,Manhattan,7 Ave @ 40 St,40.754746,-73.987894,commercial_street,5d055599-875a-4010-991f-e7e454889052
GOOD,Manhattan,7 Ave @ 43 St - 64.186 - PTZ,40.756707,-73.986442,commercial_street,bc2fd2da-1d56-46fa-a1ab-8674fac93877
GOOD,Manhattan,7 Ave @ 49 St,40.7604823513464,-73.983738054794,commercial_street,fc7db899-7a79-41f3-b9b1-b23ce64c5a5e
GOOD,Manhattan,7 Ave @ 54 St,40.763617,-73.981436,commercial_street,4ebe49c8-3e68-43f7-b415-da3db9f72693
GOOD,Manhattan,7 Ave @ 57 St,40.765534775125,-73.9800400250842,commercial_street,f0b924fe-0df6-4ac2-85a2-5d2b96d081d5
GOOD,Manhattan,8 AVE @ 44 St,40.75851,-73.9888,commercial_street,5c505897-b475-4359-897d-b064bdb9feef
GOOD,Manhattan,8 Ave @ 34 St,40.7521973661027,-73.9934562042021,commercial_street,f2964d50-042c-4021-8b52-992c08c6ff6f
GOOD,Manhattan,8 Ave @ 42 St,40.7572405048358,-73.9897804546602,commercial_street,83bf2591-579d-415b-a0d4-fe39868b46d1
GOOD,Manhattan,8 Ave @ 49 St,40.761676,-73.986581,commercial_street,4850e464-1111-4b5d-a72d-f54a0e12a789
GOOD,Manhattan,8 Ave @ 57 St,40.766796,-73.9829,commercial_street,d78ebdc6-2211-479e-bda6-59d79db20258
GOOD,Manhattan,8th Ave @ 31st St,40.750297,-73.99483,commercial_street,ec9ffb62-e3bf-4352-8bcf-7c9adf5fbe9c
GOOD,Manhattan,8th Ave @ 33rd St,40.751512,-73.993913,commercial_street,6a85384f-d82e-4bff-b5f1-15c22cca70e6
GOOD,Manhattan,9 AVE @ 14 St,40.74095,-74.0053,commercial_street,8437bc26-9eb8-4915-93f7-f8ea4170e739
GOOD,Manhattan,9 Ave @ 23 St,40.7465085991952,-74.001366842392,commercial_street,d1c219c0-afdd-4fa4-a72c-cc1b1318b99d
GOOD,Manhattan,Allen St @ Delancey St (B),40.719108,-73.99043,commercial_street,a249b3ee-bde9-4d6d-9a18-9cd2108d2eb0
GOOD,Manhattan,Amsterdam Ave @ 60 St,40.771057,-73.987139,commercial_street,ec9eda79-e250-4e6f-a8f6-e51021fb054f
GOOD,Manhattan,Amsterdam Ave @ 79 St,40.783141,-73.978322,commercial_street,fb31c502-9b4a-4c19-9b26-5b84a1a39ec3
GOOD,Manhattan,Baxter St @ Canal Street,40.7175537302479,-73.999310720446,commercial_street,96be7098-dda4-42da-bfe2-55bc5c6b94fb
GOOD,Manhattan,Broadway @ 38 St,40.752453,-73.987123,commercial_street,83655dbc-7902-4fdb-926c-15fee4396b83
GOOD,Manhattan,Broadway @ 42 St,40.7558094297322,-73.9864124090652,commercial_street,9565e94d-66f2-4965-9c13-82d5500d6cfd
GOOD,Manhattan,Broadway @ 43 St,40.756583,-73.986156,commercial_street,d8122408-7092-41ba-a9db-ef8847edeaef
GOOD,Manhattan,Broadway @ 45 St,40.757953,-73.98549,commercial_street,053e8995-f8cb-4d02-a659-70ac7c7da5db
GOOD,Manhattan,Broadway @ 46 St,40.758741,-73.985437,commercial_street,0c9a2836-c408-48d3-85c7-1977c33d9133
GOOD,Manhattan,Broadway @ 46 St- Quad North,40.758722,-73.98536,commercial_street,f3d82b25-6b10-44c7-ae89-30df075a7ac8
GOOD,Manhattan,Broadway @ 46 St- Quad South,40.758692,-73.985371,commercial_street,1927b469-e2dc-4943-a70c-e6e52fd4c48c
GOOD,Manhattan,Broadway @ 46 St- Quad West,40.75872,-73.98539,commercial_street,8cd15417-5b79-4065-9165-4b6ff0ff3f53
GOOD,Manhattan,Broadway @ 46 Street,40.758711,-73.985366,commercial_street,76faba94-f9e5-42d7-981e-0cbbbfd4bc21
GOOD,Manhattan,Broadway @ 96 St,40.794668,-73.971788,commercial_street,769a2e94-5bbc-4a03-86a7-39d3a70213f7
GOOD,Manhattan,Broadway @ Chambers St,40.714177,-74.006307,commercial_street,0952329e-6b6f-4286-b5e3-b682eae94e52
GOOD,Manhattan,Broadway @ Morris St,40.70589,-74.0133,commercial_street,08328372-55a2-448a-b180-9b4bce0b8d9e
GOOD,Manhattan,Canal Street @ Allen Street,40.7150861999536,-73.9925114202795,commercial_street,ed12f2da-9f65-44f0-a162-123c412716c6
GOOD,Manhattan,Central Park S @ Columbus Cr,40.7677366852749,-73.9814615249633,commercial_street,85809312-60f2-4a52-a694-82628529c05a
GOOD,Manhattan,Dyer Ave @ 42 Street,40.7589811180163,-73.9939438000961,commercial_street,b331d9d1-c081-4476-8302-83445ac196e7
GOOD,Manhattan,Grand St @ Allen St,40.717382,-73.991308,commercial_street,48cd1b5b-f361-4683-9d83-492d4789d7ea
GOOD,Manhattan,Grand St @ Broadway,40.720855,-74.000655,commercial_street,63e79f0b-7dea-4c8e-864c-f3315f9cc62c
GOOD,Manhattan,Houston St @ Lafeyette St,40.725063,-73.995413,commercial_street,6fa8acf2-f5bf-4200-afde-1240868ca3e3
GOOD,Manhattan,Irving Pl @ 14 St,40.733984,-73.988693,commercial_street,cd229284-a743-4ac4-9430-366f11e68d6c
GOOD,Manhattan,Kenmare St @ Cleveland pl,40.72147,-73.9974,commercial_street,93dea5a7-a63f-4415-ae12-f32b62540f11
GOOD,Manhattan,Lenox Ave @ 125 St,40.80798,-73.945472,commercial_street,156b0613-239a-4e77-aa0e-0a4becfc0b05
GOOD,Manhattan,Lexington Ave @ 42 St,40.7514494972593,-73.976060779701,commercial_street,1546f761-039c-4b5c-af5e-75c83c9f603f
GOOD,Manhattan,Lexington Ave @ 57 ST,40.7609271914359,-73.9691468531185,commercial_street,180dcc87-d861-43e3-8898-9ad5ee1a26a9
GOOD,Manhattan,Lexington Ave @ 72 St,40.770429,-73.962214,commercial_street,65440c6b-ee6c-4406-8542-2992b6edf3f5
GOOD,Manhattan,Lexington Ave @ 96 St,40.785793,-73.951017,commercial_street,f5c6fd9c-8e5b-4c3c-8c3e-31233678f15b
GOOD,Manhattan,Lexington Ave @ E 125 St,40.80451,-73.937495,commercial_street,74915f83-bee1-46f3-be10-24e121eda081
GOOD,Manhattan,MHB-16 Manhattan Colonade Entr,40.716139,-73.996063,commercial_street,fec41cf4-e167-48ae-9d40-785d8e86078d
GOOD,Manhattan,Madison Ave @ 42 St,40.7528121596316,-73.9792838595713,commercial_street,d1363c77-e061-4414-be82-e6d749254859
GOOD,Manhattan,Madison Ave @ 49 St,40.7572361824409,-73.9760573417802,commercial_street,1eb66413-6761-4eb0-bc04-e2533bb74b42
GOOD,Manhattan,Park Ave @ 106 St,40.79294,-73.9479,commercial_street,ce81bdbd-967b-4ad0-ab40-c4628bb59560
GOOD,Manhattan,Rockefeller Plaza @ W 50 St,40.75907,-73.97846,commercial_street,e38fd7b8-c074-4b6e-bc52-4dd932145239
GOOD,Manhattan,Rockefeller Plaza @ W 51 St,40.75973,-73.97807,commercial_street,bff9cee2-1513-4af3-9838-ea7a35552049
GOOD,Manhattan,St Nicholas Ave @ 125 St,40.810767,-73.952593,commercial_street,98b37dd5-bd64-4ace-add0-37f5135df600
GOOD,Manhattan,St Nicholas Ave @ 145 St,40.824031,-73.94477,commercial_street,09b1235e-d2d1-4451-83a5-5a1c3ec280aa
GOOD,Manhattan,Union Sq @ 14 St,40.73483,-73.99087,commercial_street,d47d2f63-cdc1-4f28-bc4c-e64ac07e4f1d
GOOD,Manhattan,Vanderbilt Ave @ E 45 St,40.754297,-73.976936,commercial_street,e8a479f8-5170-4f1f-b258-b9745c966c71
GOOD,Manhattan,Varick St @ Laight St,40.721808,-74.006436,commercial_street,dce301aa-b937-4041-b9fc-960abcd79178
GOOD,Manhattan,Varick St @ Watt St,40.72379,-74.006138,commercial_street,23bcc0dd-d395-45fe-8106-676ba7293208
GOOD,Manhattan,Worth Street @ Bowery,40.713578,-73.998542,commercial_street,cdfc2dbe-7ce3-4775-ab7a-8440a9828358
GOOD,Manhattan,York Ave @ 72 St,40.76687,-73.9538,commercial_street,d45fb588-de4c-4139-9e27-5b2d4c371b3d
MARGINAL,Manhattan,1 Ave @ 110 St,40.792177,-73.93825,commercial_street,f2b94b32-fc41-42b6-935d-8330374ca05a
MARGINAL,Manhattan,1 Ave @ 14 St,40.731361,-73.982486,commercial_street,23994d9e-7e59-4808-8d47-405f779d19cf
MARGINAL,Manhattan,1 Ave @ 59 St,40.759615,-73.961967,commercial_street,f7c4d5d5-f4d4-4590-9459-6491507ae9f9
MARGINAL,Manhattan,1 Ave @ 84 St,40.7755,-73.9502,commercial_street,330e2a88-3cea-4ce5-b1a2-ae8440de9b1a
MARGINAL,Manhattan,1 Ave @ 86 St,40.776869,-73.94937,commercial_street,f3c6fe0c-75c8-4ce9-ad9a-5b7eb8e9087e
MARGINAL,Manhattan,1 Ave @ 96 St,40.783304,-73.944662,commercial_street,311a7ce2-4648-45f7-8b69-32709361adb7
MARGINAL,Manhattan,1 Ave @ E 120 Street ,40.798583,-73.933382,commercial_street,91567cf3-e527-4bb7-a6a6-e95656af5ca8
MARGINAL,Manhattan,1 Ave @ E 14 St,40.731331,-73.982561,commercial_street,db5f8b82-99b1-45f3-a520-7d1f91d0a49a
MARGINAL,Manhattan,10 Ave @ W 34 St,40.754591,-73.999142,wide_arterial,2bc8aef2-fc97-47e0-84cd-1efc8ee21bfe
MARGINAL,Manhattan,11 Ave @ 34 ST,40.755787,-74.00198,wide_arterial,aacbd8a1-56b6-4757-b0b0-1bea396469c6
MARGINAL,Manhattan,11 Ave @ 42 St,40.7607911152618,-73.9982590769288,commercial_street,f8e7c70d-bdcb-4394-b55c-d9bcef891fba
MARGINAL,Manhattan,11 Ave @ 49 St,40.765188,-73.99499,wide_arterial,7a6da464-d347-438c-b599-818760cc218b
MARGINAL,Manhattan,11 Ave @ 57 St,40.770316,-73.991381,commercial_street,6024ac17-0c26-4435-96e5-560c41b920ad
MARGINAL,Manhattan,11 Ave @ W 40 St,40.759495,-73.999098,commercial_street,a69c70f4-cedf-440c-83f7-743e7a158d09
MARGINAL,Manhattan,11 Ave/Rt 9A @ 14 St,40.742342,-74.008683,wide_arterial,66810a94-7065-4f6e-b306-3d3088930d89
MARGINAL,Manhattan,12 Ave @ 22 St,40.748276,-74.007636,commercial_street,9b923606-16ba-45ad-a105-aabcc98ef1fa
MARGINAL,Manhattan,12 Ave @ 34 St,40.75697,-74.004812,wide_arterial,3809d95f-f99e-4eca-9121-9c7db73f8cbd
MARGINAL,Manhattan,12 Ave @ 57 St,40.7715319506809,-73.9942101957323,wide_arterial,3095997f-dd41-4e71-a810-9290576c17a6
MARGINAL,Manhattan,2 Ave @ 125 St,40.80275,-73.933633,wide_arterial,1fe143ba-7133-422f-b594-d6712559c523
MARGINAL,Manhattan,2 Ave @ 58 St,40.759333,-73.965302,commercial_street,5b44d19e-de48-4941-b071-d2a4c08bd230
MARGINAL,Manhattan,2 Ave @ 59 St (QBB),40.760978,-73.964082,wide_arterial,c61490de-9ab7-4321-919c-cf8ad9ca5100
MARGINAL,Manhattan,2 Ave @ 74 St,40.770142,-73.957381,commercial_street,6316453d-6161-4b98-a8e7-0e36c69d267c
MARGINAL,Manhattan,2 Ave @ 79 St,40.773298,-73.955022,commercial_street,074b4e06-5090-47a5-b672-8b15780c9255
MARGINAL,Manhattan,2 Ave @ E 102 St,40.788045,-73.944275,wide_arterial,927f8797-4a7e-4b6d-b11f-cee68a027dc9
MARGINAL,Manhattan,2 Ave @ E 116 St,40.79688,-73.937698,commercial_street,08ad39a9-300a-47f7-a708-2670843e6add
MARGINAL,Manhattan,2 Ave @ E 128 Street,40.804468,-73.932327,wide_arterial,152e384f-7d80-4240-8995-bd75b78b582f
MARGINAL,Manhattan,3 AVE @ 34 ST,40.7457272953698,-73.9781169718397,commercial_street,15f7a00b-5afb-4193-a5e4-dfe7710a5dfe
MARGINAL,Manhattan,3 Ave @ 114 St,40.7966,-73.9408,commercial_street,d67e45e9-034f-4bd9-9bc3-12d07a12af48
MARGINAL,Manhattan,3 Ave @ 23 St,40.7388335617157,-73.9831563349364,commercial_street,9cc8495e-aeee-4759-adba-5a6bf5efd4b9
MARGINAL,Manhattan,3 Ave @ E 120 Street,40.800503,-73.938107,commercial_street,5ce5f31b-fce3-4f60-9534-5986c8b668eb
MARGINAL,Manhattan,3 Ave @ E 125 St,40.803512,-73.935808,commercial_street,f581cdc7-684b-4309-8c12-34b0bacd72bf
MARGINAL,Manhattan,3 Ave @ E 14 St,40.733316,-73.987185,commercial_street,ebac5b6e-bd3a-4046-926b-7446edab9bee
MARGINAL,Manhattan,3 Ave @ E 86 St,40.778737,-73.953921,commercial_street,10c5f42d-6b32-4533-9c35-5715af4e4c76
MARGINAL,Manhattan,47 St Bet. 5 Ave @ Madison Ave- Manhattan,40.75632,-73.9777487,commercial_street,9561ad5f-0eda-460b-ab12-41caa4e0a91e
MARGINAL,Manhattan,5 AVE @ 50 St,40.75856,-73.9772,commercial_street,482e6d35-2a67-4bbf-b36f-fdf7e031d607
MARGINAL,Manhattan,5 Ave @ 23 St,40.7415700588724,-73.9895780597063,commercial_street,3486cafa-aab2-418a-baa4-89dcc438e8c9
MARGINAL,Manhattan,5 Ave @ 46 St,40.756036,-73.979014,commercial_street,8933100a-8229-42fe-b4b2-265db410d7ae
MARGINAL,Manhattan,5 Ave @ 59 St,40.764289,-73.973023,wide_arterial,b5a78bda-3ca9-4ad4-bd03-4cee70baba2d
MARGINAL,Manhattan,5 Ave @ 66 St,40.768651,-73.969814,commercial_street,81db80c2-13fe-4ae7-8b47-c08aa42d512f
MARGINAL,Manhattan,5 Ave @ 84 St,40.780233,-73.961397,commercial_street,f2a7f677-64db-4dd9-9810-82e4910c7799
MARGINAL,Manhattan,5 Ave @ 86 St,40.781556,-73.960389,residential_street,06ea08ec-5cd8-4bd6-9535-502acf651abc
MARGINAL,Manhattan,5 Ave @ E 60 St,40.764959,-73.972578,commercial_street,cd949f21-54b2-4d11-8aae-4ffba8654271
MARGINAL,Manhattan,50 St Btwn 8 Ave & Broadway,40.761861,-73.985123,commercial_street,0a49d947-2a5b-498d-a386-2cef5ce883fa
MARGINAL,Manhattan,6 Ave @ 30 St,40.747287,-73.989615,commercial_street,0dc7c2b4-614d-46a3-9610-3ba09f3f1284
MARGINAL,Manhattan,6 Ave @ 39 St,40.752946,-73.98548,commercial_street,34674be5-4791-47f1-b0b2-2db0ff619732
MARGINAL,Manhattan,6 Ave @ 49 St,40.759281077223,-73.9808977882913,commercial_street,1dddf912-4718-4b2a-94dd-1f793a9ed22c
MARGINAL,Manhattan,6 Ave @ 58 St,40.765024,-73.976689,commercial_street,a4c12003-9638-473d-bfe3-dddf509c80b8
MARGINAL,Manhattan,62 St @ QBB Upper Level exit ramp,40.76215,-73.96203,commercial_street,a26130e0-3c9b-4f43-b253-209d80d441f8
MARGINAL,Manhattan,7 AVE / ADAM CLAYTON POWELL BLVD@ 125 St,40.80896,-73.9483,commercial_street,9bb33444-d2ec-47bd-952a-174f87013736
MARGINAL,Manhattan,7 AVE @ 44 St,40.75736,-73.986,commercial_street,19789499-03ac-45de-9401-a7a71ea60d1e
MARGINAL,Manhattan,7 Ave @ 145 St,40.821639,-73.939078,commercial_street,61890a52-c90e-41a1-b032-d5c6f39746d9
MARGINAL,Manhattan,7 Ave @ 32 St,40.749508,-73.991493,commercial_street,1e60ade7-c760-48cf-acd9-d9d6cbfa9420
MARGINAL,Manhattan,7 Ave @ 36 St,40.752128,-73.989657,wide_arterial,b0cbb042-de0a-449f-b5d1-49f68a9bf2ae
MARGINAL,Manhattan,7 Ave @ 43 St,40.756691,-73.986476,wide_arterial,45cb119b-0e4a-442e-9410-b810ab8c255d
MARGINAL,Manhattan,8 Ave @ 14 St,40.7397525513578,-74.0025212013102,commercial_street,3dc1adcd-7a47-45c3-a667-9d8fae9fdcd0
MARGINAL,Manhattan,8 Ave @ Columbus Cr South,40.767775,-73.982089,wide_arterial,78a5c61d-9dce-4b52-b0da-bf7d22c1f501
MARGINAL,Manhattan,9 Ave @ 30 St,40.75092,-73.99816,commercial_street,2191c11c-1757-4938-a608-a2c6ae0e6486
MARGINAL,Manhattan,9 Ave @ 34 St,40.7534082474864,-73.9963142012874,wide_arterial,defa5e30-d6c7-4582-9ceb-03ff0fe7b93a
MARGINAL,Manhattan,9 Ave @ 37 St,40.7552720843545,-73.9948547204017,wide_arterial,326b2bab-d277-4c5a-9778-a7af791ad151
MARGINAL,Manhattan,9 Ave @ 42 St,40.7584430039686,-73.9926394975013,commercial_street,ccd1abb9-0683-4d93-a62f-b2b121612d28
MARGINAL,Manhattan,9 Ave @ 45 St,40.760533,-73.991205,commercial_street,f865d9bf-0062-4d43-9c16-2a862d8af4f0
MARGINAL,Manhattan,9 Ave @ 49 St,40.7628734544829,-73.9894306186342,commercial_street,404fac12-9b5c-430b-a01b-12b50d39521c
MARGINAL,Manhattan,9 Ave @ 57 St,40.7679306900999,-73.9857235137761,commercial_street,37e2a4b6-2fbd-42f5-9d2d-130b664783f2
MARGINAL,Manhattan,AVE C @ 18 St,40.7316,-73.9742,wide_arterial,606916f2-cd00-4893-9d2b-4c9f9d6d974f
MARGINAL,Manhattan,Allan St (1 Ave) @ Houston St (B),40.72289,-73.988622,wide_arterial,98c2de4e-fa0c-41d0-b1ea-6d1df833d792
MARGINAL,Manhattan,Ave of Americas @ Central Park South,40.765683,-73.976229,wide_arterial,332f161d-47cb-4c8a-b6b6-5ad48a55c978
MARGINAL,Manhattan,BB - Manhattan hub - 156.103,40.710977,-74.003594,wide_arterial,98fc3e41-66be-42d7-8f69-5cc76ae7226f
MARGINAL,Manhattan,Bowery @ Cooper Sq & 4 St,40.727155,-73.991628,commercial_street,afff9762-e6d4-4b4d-a2e7-60c13763dd16
MARGINAL,Manhattan,Broadway @ 125 St,40.81575,-73.9585,wide_arterial,43bb4857-e86e-4775-916e-6b26cedaf554
MARGINAL,Manhattan,Broadway @ 145 St,40.826446,-73.950423,commercial_street,7f865d20-e4f4-4f7c-88db-c0edf88a9501
MARGINAL,Manhattan,Broadway @ 46 St- Quad East,40.7587,-73.985348,commercial_street,dbbf45f6-7d87-46fa-825f-454a7e2bbcad
MARGINAL,Manhattan,Broadway @ 6 Ave / 33 St,40.749412,-73.98806,commercial_street,8ee72946-49e0-4f49-991d-4f52b1206ed7
MARGINAL,Manhattan,Broadway @ Columbus Circle,40.768532,-73.98209,commercial_street,c880d0c4-db84-44c2-9f00-62f21a83b5d0
MARGINAL,Manhattan,Broadway @ Vesey St,40.711408,-74.008688,commercial_street,73b66e92-508f-407c-bada-883ab992fde0
MARGINAL,Manhattan,Broome St and Lafayette St,40.721091,-73.998074,commercial_street,85837859-3e5d-4e1b-8740-1c2ea3ed5662
MARGINAL,Manhattan,C4-WST-03-Med_at_Vestry_St,40.723031,-74.01141,wide_arterial,1572a83a-0a4f-4a7b-84a0-fec0890a2de3
MARGINAL,Manhattan,C4-WST-07-Med_at_W.23rd_St,40.749346,-74.008089,wide_arterial,6a49e889-4397-4c5a-a942-2225c1f1c5e7
MARGINAL,Manhattan,CPW @ 110 St,40.800325,-73.958392,wide_arterial,c217a64e-95c3-4442-96d1-7a6c177615d7
MARGINAL,Manhattan,Canal St @ Broadway,40.719655,-74.001842,commercial_street,b6369867-aa5f-4df3-8af3-dcac2eb0dfc8
MARGINAL,Manhattan,Canal St @ Hudson St,40.723677,-74.008095,wide_arterial,3a3cf44d-6c42-46fb-b774-1441a8582076
MARGINAL,Manhattan,Central Park @ 72nd St Post 37,40.770785,-73.978337,wide_arterial,3f04a686-f97c-4187-8968-cb09265e08ff
MARGINAL,Manhattan,Central Park West @ 100 St,40.79421,-73.962857,commercial_street,7c9ef8dd-7587-4e39-b486-13ef4c7e5721
MARGINAL,Manhattan,Central Park West @ 65 St,40.771797,-73.979217,wide_arterial,4f8c2e84-c15a-4474-91fb-7e14554d4c4e
MARGINAL,Manhattan,Central Park West @ 72 St,40.776225,-73.975974,wide_arterial,984ebbad-ca64-41d8-8008-63aaae316952
MARGINAL,Manhattan,Central Park West @ 77 St,40.779481,-73.973578,wide_arterial,90c74649-458d-4b5f-8f58-9ab77f03f4ad
MARGINAL,Manhattan,Central Park West @ W 61 St,40.769303,-73.980882,commercial_street,5caa3ace-277b-42db-97bd-585f29b0d49f
MARGINAL,Manhattan,Church St @ Park Pl,40.713276,-74.009276,wide_arterial,b222af52-75f2-4588-80ef-354bb7c159c8
MARGINAL,Manhattan,Columbus Ave @ 65 St,40.77297,-73.981993,commercial_street,04e09ed5-2d97-4e29-8438-b87748850dbb
MARGINAL,Manhattan,Delancey St @ Bowery St ,40.720317,-73.994016,commercial_street,a3058350-1552-459f-8379-2fd06895e70a
MARGINAL,Manhattan,Dyer Ave @ W 34 St,40.754,-73.9976,commercial_street,f96c7b05-c0a1-4d3c-93ae-b025bdea422a
MARGINAL,Manhattan,Dyer Ave @ W 36 St,40.75516,-73.996557,wide_arterial,5ed9017b-c053-4c5e-b858-752516683ada
MARGINAL,Manhattan,Dyer Ave @ W 40 St,40.7577,-73.9948,wide_arterial,bb362cd8-057b-4538-bdee-cf846a725ea0
MARGINAL,Manhattan,Dyer Ave @ W 41 St,40.7584,-73.9944,commercial_street,c0f05969-abc6-4fa6-b317-3e6ba03e989a
MARGINAL,Manhattan,E 14 St @ Irving Pl/Lexington Av,40.733978,-73.9888,commercial_street,f9cb9d4c-10ad-42e4-8997-dbc9e12bd55a
MARGINAL,Manhattan,E 57 St @ QBB,40.7589949664454,-73.9644856628626,commercial_street,9d86d84c-6d3a-45a6-a8ad-fb5ab52f2b52
MARGINAL,Manhattan,East Houston St @ Ave B,40.721437,-73.983838,wide_arterial,9dbb3101-9918-4b61-946f-a34d7c7c662b
MARGINAL,Manhattan,Grand St @ Essex St,40.716723,-73.989158,wide_arterial,6fc602cf-72c5-40cc-9a42-9a844de7bc1a
MARGINAL,Manhattan,Houston St @ Bowery St,40.724113,-73.992623,commercial_street,b95471db-03ed-4fc3-9b91-561328029fd4
MARGINAL,Manhattan,Houston St @ Broadway,40.725458,-73.996756,commercial_street,5214cfe8-ccfc-42e9-8e2a-ff2865c1a518
MARGINAL,Manhattan,Hudson St @ Erickson Pl/Beach,40.720694,-74.008455,wide_arterial,8c1ea3b6-0db6-4222-ba50-2545f8f82d71
MARGINAL,Manhattan,Hudson St @ Laight St,40.721932,-74.008155,wide_arterial,24101bcf-29a7-4417-b77d-1f0368dc212d
MARGINAL,Manhattan,Lenox Ave @ 135 St,40.814104,-73.94086,wide_arterial,f6799b6f-b7f9-451b-8c7a-eacc9e8c36a8
MARGINAL,Manhattan,Lexington Ave @ 23 St,40.7395059171263,-73.9847405603646,commercial_street,bff66919-97a3-47ca-b16d-ca07ff93a546
MARGINAL,Manhattan,Lexington Ave @ 34 St,40.7464005840423,-73.9797313879486,commercial_street,0b4bd3d3-1741-49b3-87cc-d0960fa5f424
MARGINAL,Manhattan,Lexington Ave @ 49 St,40.7558782935853,-73.972833819289,commercial_street,d1d8cd99-7609-409a-a739-f5913dabf4e6
MARGINAL,Manhattan,Lexington Ave @ 53 St ,40.758387,-73.971014,commercial_street,e777e4b4-25cb-4c39-98fc-8d6b25cf7de7
MARGINAL,Manhattan,Lexington Ave @ E 110 Street,40.795015,-73.944542,residential_street,0cef143f-b3d8-4066-84ee-6114fa6e76e0
MARGINAL,Manhattan,Lexington Ave @ E 120 St,40.80105,-73.939747,commercial_street,a9fb8f19-98a1-4b2b-a920-a3537cc4908f
MARGINAL,Manhattan,MADISON @ 34 ST,40.7477755134971,-73.9829511142234,commercial_street,a356e2c6-7d95-4d93-85c1-da3d05485d8c
MARGINAL,Manhattan,MADISON @ 57 ST,40.7622962700164,-73.9723570534941,wide_arterial,421960d6-54a8-4f12-a5ee-7a07390def4c
MARGINAL,Manhattan,Madison Ave @ 46 St - Manhattan,40.755508,-73.977437,commercial_street,434094f8-1be4-4c19-8067-1e11049e46b4
MARGINAL,Manhattan,Madison Ave @ 79 St,40.776331,-73.962123,commercial_street,a4bb497d-7e15-47c4-9787-374b013efbbe
MARGINAL,Manhattan,Madison Ave @ E 43 St,40.753417,-73.97874,commercial_street,c6d013c9-e69b-4824-8dad-b6580491d916
MARGINAL,Manhattan,Madison Ave @ E 44 St,40.754038,-73.97827,wide_arterial,879ab924-18ac-4779-a681-395d73a0f0cc
MARGINAL,Manhattan,Malcolm X Blvd/Lenox Ave @ 110 St/CPN,40.798238,-73.952408,commercial_street,5e0c441b-7587-494c-aade-6fea9efc1c73
MARGINAL,Manhattan,Park Ave @ 23 St,40.740189,-73.986363,commercial_street,ea36992f-a3bf-4cce-8942-05ff04e2ae5f
MARGINAL,Manhattan,Park Ave @ 37 St,40.74906,-73.979818,commercial_street,20b2298a-90cf-463f-b172-0b398a34f061
MARGINAL,Manhattan,Park Ave @ 53 St,40.759067,-73.97261,commercial_street,9e3e26ae-d49f-4f64-ba99-113b779c25a2
MARGINAL,Manhattan,Park Ave @ 57 St,40.761615778381,-73.9707524905279,commercial_street,f4d2c0f5-0148-45e7-95ba-a5185d8e8060
MARGINAL,Manhattan,Park Ave @ 72 St,40.77114,-73.963907,residential_street,b062d611-e0e8-40be-a180-c583391276f5
MARGINAL,Manhattan,Park Ave @ 79 St,40.775652,-73.96035,commercial_street,41397b64-d035-4b41-a03e-170fe4103d89
MARGINAL,Manhattan,Park Ave @ 86 St,40.780167,-73.957114,commercial_street,b7e5959c-1fc5-4fd2-a73e-426127b587b1
MARGINAL,Manhattan,Park Ave @ 96 St,40.786516,-73.952456,commercial_street,e73b2210-e5e7-42c0-a48f-5ce07b28da43
MARGINAL,Manhattan,Park Ave @ E 116 Street,40.799265,-73.94294,commercial_street,175cc1f1-0543-41c9-85fb-464ec29687de
MARGINAL,Manhattan,Park Ave @ E 125 St,40.805313,-73.93924,commercial_street,a6bd09c7-9195-4e0b-ac0f-78114a7d63a1
MARGINAL,Manhattan,Pearl St @ Dover,40.709457,-74.00171,commercial_street,cb43382f-7b5f-43a7-918b-607a69b2fb3a
MARGINAL,Manhattan,Pearl Street @ St. James Pl,40.711038,-74.000466,wide_arterial,7ae8f58a-84e9-4c9f-9e90-daa2dc548f20
MARGINAL,Manhattan,QBB SOR @ Sutton Pl,40.758904,-73.959539,wide_arterial,d892897d-5a64-4450-9502-2e91b3ce5eea
MARGINAL,Manhattan,Riverside Dr @ 79 St,40.784922,-73.982865,commercial_street,36672d97-80d3-48f0-b3c4-6e6125069b90
MARGINAL,Manhattan,Rockefeller Plaza @ W 49 St,40.75836,-73.978867,commercial_street,09d9335c-097e-47ef-af1d-122eb3206f7c
MARGINAL,Manhattan,St Nicholas Ave @ 181 St,40.849314,-73.933739,wide_arterial,3ad126cc-3f99-4626-a229-b9ba4d3f4b63
MARGINAL,Manhattan,Sutton Pl @ 58 St,40.758044,-73.960189,wide_arterial,b1d5d592-9e36-478e-bedc-5fb02d836bc3
MARGINAL,Manhattan,Varick St @ Beach St ,40.720434,-74.006699,commercial_street,56b99f9c-1f5c-47e2-8c85-d34de045a4ce
MARGINAL,Manhattan,Varick st @ Broome st,40.724402,-74.006047,commercial_street,58ca7f66-a60c-4b2d-9cb5-a68e8ac545ac
MARGINAL,Manhattan,WBB-6 South Rdwy @ Delancy St and Clinton St,40.717622,-73.985843,commercial_street,2334b7bd-a237-4bf5-9224-5241bd4ee29e
MARGINAL,Manhattan,Water St @ John St,40.706852,-74.004992,wide_arterial,ecdddb78-10be-47c6-ba27-e5d9da6b9a22
MARGINAL,Manhattan,Water St @ Whitehall,40.702389,-74.012806,commercial_street,fd82a010-c29e-4bcb-8d70-dd2204879a97
MARGINAL,Manhattan,West Houston @ Hudson St,40.728739,-74.007137,wide_arterial,0ff11926-fcf0-4e3b-8aea-ffc0ea4f2228
MARGINAL,Manhattan,West Houston @ Varick St,40.7286,-74.005356,commercial_street,db84e6bd-1436-4213-bbfb-f6e0ceab38c7
MARGINAL,Manhattan,West St @ Canal St,40.725812,-74.011063,wide_arterial,7d10cfbb-0465-4958-90fc-ddd5349d6635
MARGINAL,Manhattan,West St @ Murray,40.715249,-74.013364,wide_arterial,6be5adfc-1912-4811-9a04-01c8866280bb
MARGINAL,Manhattan,West Street @ Intrepid,40.764275,-73.998569,wide_arterial,2be7f4d2-3a72-45ba-95ad-b526643ef248
MARGINAL,Manhattan,West st and Chambers,40.717179,-74.012897,commercial_street,34616ac5-0cc5-4b86-ac7a-82c77238a536
MARGINAL,Manhattan,Worth St @ Centre St,40.715157,-74.00213,commercial_street,07b8616e-373e-4ec9-89cc-11cad7d59fcb
MARGINAL,Manhattan,Worth Street @ Lafayette Street,40.715579,-74.003036,wide_arterial,ebec9de9-3f56-477a-a413-2e0a09b2b6ba
MARGINAL,Manhattan,YORK AVENUE @ EAST 60 STREET,40.759324,-73.95905,commercial_street,9f6b60c8-b940-4eec-a3c5-4b60d24c751b
MARGINAL,Manhattan,York Ave @ 63 St,40.761216,-73.957815,wide_arterial,74bdd301-683c-4ea7-abf2-a5715dca8e17
GOOD,Queens,Jackson Ave @ Thomson Ave,40.746761,-73.943262,commercial_street,c5af3e42-bb95-4aa3-a9d1-2d8071412dab
GOOD,Queens,Jamaica Ave @ 168 St,40.706371,-73.792539,commercial_street,52399045-4691-4258-8f82-12000f5719a8
GOOD,Queens,Jamaica Ave @ Sutphin Blvd,40.701756,-73.80795,commercial_street,36b00c79-b2a0-49d3-800a-42b7db1847a8
GOOD,Queens,Northern Blvd @ 82 St,40.755492,-73.885347,commercial_street,08c40d18-cacf-4139-aa64-ba8f8602af53
GOOD,Queens,Queens Plz S @ 27 St,40.7501753,-73.9398494,commercial_street,cb0647f4-b9fd-4065-a297-ebfcd4f8d270
GOOD,Queens,Roosevelt Ave @ Elmhurst Ave,40.748456,-73.876234,commercial_street,7374a49f-373d-479a-b630-52bd07639260
MARGINAL,Queens,Astoria Blvd @ 94 St,40.762982,-73.875305,wide_arterial,ae88c4d8-5638-4f90-bbdb-e15999936d31
MARGINAL,Queens,Beach Channel Dr @B Mott Ave,40.605347,-73.75518,commercial_street,eca4e591-4ac8-471c-8e76-4710b52e6f9b
MARGINAL,Queens,College Point Blvd @ Sanford Ave,40.75467,-73.833092,wide_arterial,bedbc19d-977d-40b6-ba48-01c5454bea69
MARGINAL,Queens,Crescent st @ 39 Ave,40.7547,-73.93678,commercial_street,97ace0b4-fcd2-4c3a-8c05-dbf73639ead3
MARGINAL,Queens,Crescent st @ 41 Ave,40.75224,-73.9391,commercial_street,557af346-2f9f-4306-8388-3974b7a49e4d
MARGINAL,Queens,Cross Bay Blvd @ 107 Ave,40.678784,-73.844359,wide_arterial,21fc45fc-30fb-4d6a-ae1b-7d2d2730dfca
MARGINAL,Queens,Farmers Blvd @ 147 Ave @ 175 St,40.661198,-73.770991,commercial_street,fbe41159-b7cd-4b91-a365-5656bae67ae7
MARGINAL,Queens,Flushing Ave @ 61 St,40.721009,-73.904092,commercial_street,8c13c3b4-b227-4278-9beb-e58314c042d5
MARGINAL,Queens,Flushing Ave @ Fresh Pond Rd,40.721888,-73.903107,residential_street,b9085289-750b-403a-8031-681678d35ae0
MARGINAL,Queens,Flushing Ave @ Grand Ave & 64 St,40.722749,-73.901592,wide_arterial,b47d139f-69ae-427e-86b4-f970f9e990e1
MARGINAL,Queens,Grand Ave @ Hamilton Pl,40.724536,-73.898416,commercial_street,b08600e6-7189-4104-a484-709dc81a3fa7
MARGINAL,Queens,Grand Ave @ LIE,40.725764,-73.895635,wide_arterial,7c92c63b-2786-4600-9108-62cea2806345
MARGINAL,Queens,Guy Brewer Blvd @ N Conduit Ave,40.667978,-73.771617,commercial_street,ebc0f1c7-1cc2-46c0-b8bd-365f94f09a0a
MARGINAL,Queens,Hempstead Ave @ Springfield Ave,40.713306,-73.735855,commercial_street,5bcf06f4-dbf0-4c7b-b6f3-241aea4e92c6
MARGINAL,Queens,Hempstead Ave at Jamaica Ave,40.716182,-73.744776,wide_arterial,3f85b7f5-564d-4098-9ffd-580ab6f88ed5
MARGINAL,Queens,Jackson Ave @ 11 ST,40.74327,-73.95146,commercial_street,76c47885-cc54-4e0d-989c-01cf1256dd1a
MARGINAL,Queens,Jackson Ave @ 21 St,40.74464,-73.94847,commercial_street,8a60eb4e-4069-4c0f-9bca-b8cc52915ffb
MARGINAL,Queens,Jackson Ave @ 42 Rd,40.74823,-73.93926,commercial_street,d1e071f1-57c6-4e6a-b813-0c50b90f7b1a
MARGINAL,Queens,Kissena Blvd @ Holly Ave,40.750627,-73.819113,commercial_street,ed8fac76-2128-4099-8dfd-80144bd059d4
MARGINAL,Queens,Kissena Blvd @ Sanford Ave,40.757138,-73.827106,commercial_street,e85785e6-d889-4811-8ba5-2e389942431f
MARGINAL,Queens,Main St @ Roosevelt Ave,40.759565,-73.830121,commercial_street,23605598-4eb1-46c2-8b80-8a8c124f020a
MARGINAL,Queens,Main St @ Sanford Ave,40.756669,-73.828794,commercial_street,33ea5ed1-0d62-4f44-9fda-fda5c2327eed
MARGINAL,Queens,Metropolitan Ave @ Fresh Pond Rd,40.71261,-73.9004,commercial_street,4ec4d8da-6dcb-444d-b33a-096a7d07bb51
MARGINAL,Queens,Myrtle Ave @ 79 Lane - 73.74,40.7029,-73.8691,commercial_street,3c1e0011-7dbc-4bc9-af2d-e9347754bf91
MARGINAL,Queens,Northern Blvd @ 108 St,40.757824,-73.861028,commercial_street,822f0cb4-827d-41cd-8f35-2b328a8c1d24
MARGINAL,Queens,Northern Blvd @ 114 St,40.758271,-73.855567,wide_arterial,39b42007-16d8-4302-8b8c-602bbb9e9683
MARGINAL,Queens,Northern Blvd @ 48 St,40.753647,-73.914468,commercial_street,10a4be9a-8a1e-4b0c-84c3-b51c887b5e27
MARGINAL,Queens,Northern Blvd @ 51 St,40.752967,-73.910238,wide_arterial,36d14f1c-b6fb-474c-9703-ecfd101ead72
MARGINAL,Queens,Northern Blvd @ 61 St,40.75391,-73.901201,commercial_street,9c4194e4-adfb-4a35-a4ef-c8411459545b
MARGINAL,Queens,Northern Blvd @ Bell Blvd,40.760288,-73.769377,commercial_street,7a183d27-7c22-4014-ac9a-726efa472c79
MARGINAL,Queens,Northern Blvd @ Junction Blvd,40.756845,-73.873712,wide_arterial,78292730-3cfe-4f84-a6f7-d438f684849a
MARGINAL,Queens,Northern Blvd @ Main St,40.762967,-73.831958,wide_arterial,f664cb82-a0fc-467e-9a6a-ca34c89cc63c
MARGINAL,Queens,Northern Blvd @ Parsons Blvd,40.764641,-73.82347,commercial_street,40ffec9e-3d55-454f-927e-6a602869a451
MARGINAL,Queens,Northern Blvd @ Steinway,40.752466,-73.924313,commercial_street,6bfee8ce-9d91-4ffb-9586-9b3a0675578d
MARGINAL,Queens,QBB @ Crescent St,40.750889,-73.940613,commercial_street,1b3248f9-f26e-4f36-943f-b7a7731595fb
MARGINAL,Queens,Qns Blvd @ 65 Ave,40.727974,-73.857651,wide_arterial,e179ded3-4cdc-4110-ac9c-f12c20f9ccad
MARGINAL,Queens,Queens Blvd @ 39 ST,40.744152,-73.926136,commercial_street,c361e170-2da7-4e96-9546-296e766b37ad
MARGINAL,Queens,Queens Blvd @ 48 St - 52.130,40.742755,-73.916943,commercial_street,49a571bf-f15e-4726-9937-aadde6c837ba
MARGINAL,Queens,Queens Blvd @ 63 Dr,40.730072,-73.86235,wide_arterial,0bf496dc-36dd-4311-808e-84ab6acec605
MARGINAL,Queens,Queens Blvd @ Hillside Ave,40.704168,-73.815211,wide_arterial,5c29ba71-1757-45db-8318-e1a2bad57e75
MARGINAL,Queens,Queens Blvd @ Jackson Ave,40.7489478,-73.9373769,commercial_street,5507fab3-3430-4747-a9ab-ed9f7b5ba959
MARGINAL,Queens,Queens Blvd @ Skillman,40.7460324,-73.9344491,commercial_street,abda729c-9f02-4ecf-b164-228b1528cfac
MARGINAL,Queens,Rockaway Blvd @ Baisley Blvd,40.672635,-73.785637,wide_arterial,37bb364c-7288-4481-a17d-0ba244d30baa
MARGINAL,Queens,Rockaway Blvd @ Lefferts Blvd,40.676012,-73.818977,commercial_street,d88837a0-5f2d-4800-b4c8-57970aa929cd
MARGINAL,Queens,Roosevelt Ave @ 79St,40.747351,-73.8867,commercial_street,57a8e506-1b7d-4a44-94c2-5cb2a4d31b21
MARGINAL,Queens,Roosevelt Ave @ Baxter Ave,40.74778,-73.882616,commercial_street,c531c196-3944-4318-8c33-92eb2be792ac
MARGINAL,Queens,Roosevelt Ave @ Broadway &  74 st,40.746808,-73.891632,commercial_street,9d7c4525-fba3-4ffe-ae79-f814f7dccf4e
MARGINAL,Queens,Springfield Ave @ Jamaica Ave,40.718516,-73.735207,wide_arterial,bf5db978-c464-44c9-ac88-af9977af4505
MARGINAL,Queens,Woodhaven Blvd @ 101 Ave,40.6841,-73.8463,wide_arterial,e6c39111-6d28-45bb-9698-509699e78b8f
MARGINAL,Queens,Woodhaven Blvd @ 91 ave,40.689844,-73.850149,wide_arterial,5d1261df-ddca-435a-9292-a0474c44c104
MARGINAL,Queens,Woodhaven Blvd @ 97 Ave,40.685799,-73.846987,residential_street,cdf63ef6-b7e7-47cd-a85c-3c50e0cdf36c
MARGINAL,Staten Island,Amboy Rd @ Annadale Rd,40.53598,-74.180867,commercial_street,ebd920f9-8522-4ae7-af8f-b887256fdaa1
MARGINAL,Staten Island,Amboy Rd @ Nelson Ave,40.549932,-74.150849,commercial_street,5920b7ab-9e05-429f-971a-b235f3ea8dd9
MARGINAL,Staten Island,Bay St @ Richmond Terr.,40.642219,-74.075142,wide_arterial,d125f801-5576-4e42-874c-a643a86019c0
MARGINAL,Staten Island,Father Capodanno Blvd @ Ocean Ave,40.595264,-74.062772,residential_street,70c286f0-78bc-43e4-9284-63ea2843c769
MARGINAL,Staten Island,Hylan Ave @ Page Ave,40.507726,-74.230003,wide_arterial,01ffcaef-7c54-4f16-8668-bce6efbcfcb1
MARGINAL,Staten Island,Hylan Blvd @ Bay St,40.61405,-74.066176,wide_arterial,80976618-bbf8-4e7a-8a9d-095f3594244c
MARGINAL,Staten Island,Hylan Blvd @ Guyon Ave,40.560385,-74.120024,commercial_street,907af141-b289-47d3-9f41-edc7667cff7e
MARGINAL,Staten Island,Hylan Blvd @ Huguenot Ave,40.524067,-74.186177,wide_arterial,5e7535c0-fee4-4989-8481-0addea488020
MARGINAL,Staten Island,Hylan Blvd @ Nelson Ave,40.542395,-74.145885,commercial_street,7e13d5e6-bd1a-47af-ba28-39c50e2736c2
MARGINAL,Staten Island,Hylan Blvd @ Richmond Ave,40.534229,-74.153896,commercial_street,6e9a1a7e-63ad-4cab-b14a-1864040409fb
MARGINAL,Staten Island,Hylan Blvd @ Seguine Ave,40.519122,-74.197091,commercial_street,936fce3c-14c3-42c2-8e0d-7bce5a81ecc6
MARGINAL,Staten Island,Morningstar Rd @ Walker St,40.631138,-74.146937,commercial_street,710191bf-5753-49f7-a524-d0db75526600
MARGINAL,Staten Island,Richmond Ave @ Amboy Rd - quad - ptz - 1.218,40.54332,-74.16428,commercial_street,f2029d59-52c0-44b9-8030-90e03f710f8f
MARGINAL,Staten Island,Richmond Ave @ Arthur Kill Rd - quad - ptz - 141.131,40.56106,-74.17012,wide_arterial,7980448b-0d57-49ad-8b87-50174e5d3065
MARGINAL,Staten Island,Richmond Ave @ Forest Ave,40.625094,-74.148789,commercial_street,34af619f-c745-4f09-a81c-e3635dd764c6
MARGINAL,Staten Island,Victory Blvd @ Bay St,40.637748,-74.076018,commercial_street,36d22d6d-bffd-4466-8a9c-9c78a1bb9021
MARGINAL,Staten Island,Victory Blvd @ Jersey St,40.635735,-74.083777,commercial_street,e348f285-d668-44a0-9d45-b3006f4ced6b
